Nome,Alcance,Amplificação Mágica Extra,Atributo Afetado,Ação Secundária Extra,Bônus,Categoria,Classes,Crítico,Custo,Dano,Defesa,Defesa Extra,Durabilidade,Efeito,Escala com,Escalonamento,Limite de uso,Observações,Penalidade,Peso,Raridade,Reação Extra,Requisitos,Subtipo,Valor do Modificador
Relicário de Voto,,,,,+1 em testes ligados a magia espiritual.,Catalisador,"Mago (Criar%20Personagem/Classes/Mago%20f761bd678e484cd0993fda875188004f.html), Híbrido (Criar%20Personagem/Classes/H%C3%ADbrido%20cd1a673735eb4b42b02898eb22d01d5f.html)",,,,,,Alta,"Facilita purificação, bênçãos e manutenção de foco devocional.",,,,Combina especialmente com Clérigo e Vingard.,,1,Raro,,Afinidade espiritual ou acesso a magia divina.,,
Espada Bastarda de Ferro Negro,Corpo a corpo,,,,+1 em dano corpo a corpo pesado.,Arma,"Ki (Criar%20Personagem/Classes/Ki%20ec27f579c6cb4ff8b30faa1a340adab0.html), Restrição Celestial (Criar%20Personagem/Classes/Restri%C3%A7%C3%A3o%20Celestial%20280949ab67c74aceba16774b4427722d.html)",20 / x2; em Postura Ofensiva soma +1d8,—,1d12 + Mod. de Força,,,Alta,"Arma versátil de pressão, ideal para builds de Força e controle frontal.",Força,"Nos níveis 10, 20, 30, 40 e 50, recebe +1d8 de impacto sombrio e melhor aplicação da condição Guarda Quebrada.",Sem limite,Espada pesada de linha de frente com progressão sólida.,Requer boa força para máxima eficiência,4,Incomum,,Nenhum,Arma Média,
Foco Arcano Prismático,,,,,"Reduz em 1 o custo de uma amplificação simples por cena, mínimo 1.",Catalisador,"Mago (Criar%20Personagem/Classes/Mago%20f761bd678e484cd0993fda875188004f.html), Híbrido (Criar%20Personagem/Classes/H%C3%ADbrido%20cd1a673735eb4b42b02898eb22d01d5f.html)",,,,,,Média,Estabiliza conjuração e melhora controle fino de Mana.,,,,"Excelente para Arcanismo, Invocação e Transmutação.",,1,Raro,,Uso de Mana.,,
Adaga de Passo Curto,Corpo a corpo,,,,+1 em ações furtivas ofensivas.,Arma,Ki (Criar%20Personagem/Classes/Ki%20ec27f579c6cb4ff8b30faa1a340adab0.html),19–20 / x2 em reposicionamento,—,1d6 + Mod. de Destreza,,,Média,"Favorece mobilidade, emboscada e ataques rápidos.",Destreza,"A cada 10 níveis, recebe +1d6 em ataques após deslocamento ou teleporte curto.",Sem limite,Arma curta feita para builds móveis e assassinas.,Dano modesto fora de mobilidade,1,Comum,,Nenhum,Arma Leve,
Armadura de Couro Flexível,,,,,+1 Defesa sem grande prejuízo de mobilidade.,Armadura,"Ki (Criar%20Personagem/Classes/Ki%20ec27f579c6cb4ff8b30faa1a340adab0.html), Híbrido (Criar%20Personagem/Classes/H%C3%ADbrido%20cd1a673735eb4b42b02898eb22d01d5f.html)",,—,,"+2 base, +1 a cada 4 níveis; contribuição máxima 12, Defesa final recomendada até 50 com evasão",,Média,Proteção leve para personagens que dependem de deslocamento e posicionamento.,Destreza,"Em níveis altos, converte parte maior da Destreza em defesa prática e mantém mobilidade máxima.",Passiva,Armadura leve básica finalmente viável até campanhas longas.,Baixa proteção contra impacto pesado,2,Comum,,Nenhum,Armadura Leve,
Peitoral de Guarda Quebrada,,,,,+2 Defesa.,Armadura,Restrição Celestial (Criar%20Personagem/Classes/Restri%C3%A7%C3%A3o%20Celestial%20280949ab67c74aceba16774b4427722d.html),,—,,"+4 base, +1 a cada 3 níveis; contribuição máxima 17, Defesa final recomendada até 50",,Alta,"Reduz dano frontal, mas exige preparo físico para manter eficiência.",Constituição ou Força,"A cada 10 níveis, reforça resistência a ruptura de guarda e reduz empurrões ou quedas.",Passiva,Peitoral intermediário para lutadores que seguram linha.,Menor eficiência contra magia fina,5,Incomum,,Nenhum,Armadura Média,
Poção de Restauro Menor,,,,,Recupera pequena quantidade de Vida.,Consumível,"Mago (Criar%20Personagem/Classes/Mago%20f761bd678e484cd0993fda875188004f.html), Ki (Criar%20Personagem/Classes/Ki%20ec27f579c6cb4ff8b30faa1a340adab0.html), Híbrido (Criar%20Personagem/Classes/H%C3%ADbrido%20cd1a673735eb4b42b02898eb22d01d5f.html), Restrição Celestial (Criar%20Personagem/Classes/Restri%C3%A7%C3%A3o%20Celestial%20280949ab67c74aceba16774b4427722d.html)",,,,,,Baixa,Ferramenta emergencial de sobrevivência entre confrontos ou em risco imediato.,,,,Item básico de campanhas longas.,,1,Comum,,Uso consumível simples.,,
Faixa de Respiração Profunda,,,,,+1 em testes de controle de Ki.,Catalisador,"Ki (Criar%20Personagem/Classes/Ki%20ec27f579c6cb4ff8b30faa1a340adab0.html), Híbrido (Criar%20Personagem/Classes/H%C3%ADbrido%20cd1a673735eb4b42b02898eb22d01d5f.html)",,,,,,Alta,Ajuda a estabilizar fluxo corporal e reduzir risco de exaustão precoce.,,,,"Útil para Monge, Lutador Marcial e Guerreiro Espiritual.",,1,Incomum,,Uso de Ki.,,
Kit de Ladrão Reforçado,,,,,+1 em testes de Ladinagem quando o contexto for apropriado.,Ferramenta,Ki (Criar%20Personagem/Classes/Ki%20ec27f579c6cb4ff8b30faa1a340adab0.html),,,,,,Média,"Facilita abertura de fechaduras, desmontagem de armadilhas e infiltração técnica.",,,,Suporte logístico valioso para campanhas urbanas e furtivas.,,2,Incomum,,Treinamento ou proficiência interpretativa.,,
Fragmento de Selo Abissal,,,,,Interage com presenças demoníacas e contenções espirituais.,Artefato,"Mago (Criar%20Personagem/Classes/Mago%20f761bd678e484cd0993fda875188004f.html), Híbrido (Criar%20Personagem/Classes/H%C3%ADbrido%20cd1a673735eb4b42b02898eb22d01d5f.html)",,,,,,Alta,Pode ampliar rituais de selamento ou desencadear ressonância perigosa com entidades seladas.,,,,Perfeito para futuras expansões sobre Príncipes Selados e demônios.,,1,Lendário,,Mestre ou narrativa apropriada; uso altamente controlado.,,
Garras de Ki,Corpo a corpo,,,,Recebe +1 dano por cada 10 Ki acima de metade da reserva,Arma,,20 / +1d8 de Ki,2 Ki por ataque,1d8 + Mod. de Sabedoria ou Destreza,,,Alta,Dano aumenta conforme o Ki restante.,Sabedoria ou Destreza,"A cada 10 níveis, recebe +1d8 de dano energético e aumenta a conversão de Ki restante em dano.",Sem limite enquanto houver Ki,Arma ideal para pressão marcial sustentada.,Perde eficiência com Ki baixo,,Raro,,Subclasse de Ki,Arma Leve,
Espada Curta Elétrica,Corpo a corpo,,,,Acertos críticos elevam chance de paralisia,Arma,,19–20 / x2 com chance elevada de paralisar,—,1d8 + Mod. de Destreza,,,Média,Chance de paralisar por 1 turno.,Destreza,"Nos níveis 10, 20, 30, 40 e 50, recebe +1d8 elétrico extra e melhora a paralisia.",Sem limite,Boa arma híbrida entre dano e interrupção.,Efeito depende de resistência do alvo,,Incomum,,Nenhum,Arma Leve,
Punhal Fantasma,Corpo a corpo,,,,30% de chance de atravessar armadura,Arma,,19–20 / x2 se atravessar armadura,—,1d6 + Mod. de Destreza,,,Baixa,Golpes parcialmente etéreos ignoram proteção física.,Destreza,"Nos níveis 15, 30 e 45, a chance de atravessar armadura aumenta e o dano furtivo recebe +1d6.",Sem limite,Arma furtiva de penetração inconsistente.,Durabilidade baixa,,Raro,,Afinidade com sombra ou técnica furtiva,Arma Leve,
Lâmina de Vento Curvo,Corpo a corpo,,,,Ataques ignoram 20% da Defesa do alvo,Arma,,19–20 / x2,—,1d6 + Mod. de Destreza,,,Média,Cortes aerodinâmicos mantêm precisão em movimento.,Destreza,"A cada 10 níveis, aumenta a penetração de Defesa em +5% e ganha +1d6 de dano em alvos móveis.",Sem limite,Excelente para duelistas rápidos.,Dano base baixo,,Incomum,,Nenhum,Arma Leve,
Adaga de Cinzas,Corpo a corpo,,,,+1 em furtividade ao sacar rapidamente,Arma,,20 / +1d6 de fogo no crítico,—,1d6 + Mod. de Destreza,,,Média,Aplica queimadura leve (1d4 por 2 turnos).,Destreza,"Nos níveis 10, 20, 30, 40 e 50, recebe +1d6 de dano base ou +1 turno na queimadura; em nível alto, a queimadura acompanha o modificador de Destreza.",Sem limite,Arma leve de pressão rápida e dano residual.,Baixo alcance,,Incomum,,Nenhum,Arma Leve,
Faca Ritualística,Corpo a corpo,,,,+1d6 se o alvo estiver com condição,Arma,,20 / dobra o bônus contra condição,—,1d6 + Mod. de Destreza ou Inteligência,,,Média,Sinergia direta com alvos debilitados.,Destreza ou Inteligência,"A cada 10 níveis, o bônus contra alvos com condição aumenta em +1d6 e pode ignorar resistência leve.",Sem limite,Arma tática para combos com condições.,Valor cai contra alvos íntegros,,Incomum,,Conhecimento ritual opcional,Arma Leve,
Adaga Sombria,Corpo a corpo,,Destreza,,+2d6 de dano em furtividade,Arma,,19–20 / x2 em furtividade,—,1d6 + Mod. de Destreza,,,Média,Aumenta dano ao atacar sem ser percebido.,Destreza,"Nos níveis 15, 30 e 45, o bônus furtivo recebe +1d6 adicional e pode critar com maior consistência.",Sem limite,Arma assassina de abertura.,Perde bônus após ser revelada,,Raro,,Treino de furtividade,Arma Leve,2
Foice de Mão,Corpo a corpo,,,,Crítico em 19–20,Arma,,19–20 / x2,—,1d8 + Mod. de Destreza,,,Alta,Curva curta favorece finalizações rápidas.,Destreza,"A cada 10 níveis, recebe +1d8 de dano crítico e melhora sua pressão em alvos sangrando.",Sem limite,Boa para builds agressivas com crítico.,Menor alcance que armas médias,,Incomum,,Nenhum,Arma Leve,
Lâmina Vibrante,Corpo a corpo,,,,Ignora escudos,Arma,,20 / ignora escudo e soma +1d8 ressonante,—,1d8 + Mod. de Destreza,,,Média,Vibração ressonante supera bloqueios frontais.,Destreza,"Nos níveis altos, aumenta a ignorância de bloqueio e recebe +1d8 a cada 15 níveis.",Sem limite,Excelente contra guardiões e defensores.,Mais frágil contra impactos pesados,,Raro,,Nenhum,Arma Leve,
Punho de Metal Vivo,Corpo a corpo,,,,Adapta o tipo de impacto após analisar o alvo,Arma,,20 / adapta tipo e soma +1d8,—,1d8 + Mod. de Força ou Destreza,,,Alta,Se adapta ao dano do inimigo.,Força ou Destreza,"A cada 10 níveis, ganha novo modo adaptativo e +1d8 de dano contra o tipo analisado.",Sem limite,Arma viva focada em adaptação tática.,Demora 1 ataque para adaptar,,Épico,,Compatibilidade corporal ou luva de conexão,Arma Leve,
Espada Longa Arcana,Corpo a corpo,,,,Canaliza +1d6 elemental em ataque imbuído,Arma,,,—,1d10,,,Alta,Pode canalizar magia.,Força ou Destreza,,Sem limite,Arma média padrão para espadachins arcanos.,Canalização aumenta custo da magia associada em 10%,,Raro,,Usuário com Mana ou foco arcano,Arma Média,
Espada de Cristal,Corpo a corpo,,,,Crítico causa +2d10,Arma,,,—,1d10,,,Média,Explode fragmentos cristalinos em acertos perfeitos.,Destreza ou Força,,Sem limite,Arma de pico de dano e crítico.,Pode lascar sob impacto brutal,,Épico,,Nenhum,Arma Média,
Lança Tempestuosa,Corpo a corpo / linha curta,,,,Atinge até 2 alvos em linha,Arma,,,—,1d10,,,Alta,Descarga linear de vento e choque.,Força ou Destreza,,Sem limite,Ótima para formação e avanço agressivo.,Perde eficiência em espaço fechado,,Raro,,Nenhum,Arma Média,
Machado Incandescente,Corpo a corpo,,,,Aplica 1d6 de fogo contínuo,Arma,,,—,1d12,,,Alta,Causa dano contínuo em alvos atingidos.,Força,,Sem limite,Excelente contra alvos resistentes e lentos.,Menor precisão que lâminas leves,,Raro,,Nenhum,Arma Média,
Cajado Elemental,Corpo a corpo / 20 m para conjuração,,,,Reduz custo de magia em 10%,Arma,,,—,1d8,,,Média,Canalizador ideal para repertório elemental.,Inteligência,,Sem limite,Foco clássico para arcanistas.,Dano físico modesto,,Raro,,Usuário de Mana,Arma Média,
Corrente de Combate,3 m,,,,Pode puxar inimigos,Arma,,,—,1d8,,,Alta,Reposiciona alvo em até 2 m em acerto especial.,Destreza,,Sem limite,Arma técnica de controle tático.,Sofre em espaços muito apertados,,Incomum,,Nenhum,Arma Média,
Sabre Relâmpago,Corpo a corpo,,,,Segundo ataque com 50% de dano,Arma,,,—,1d10,,,Média,Cortes elétricos repetem parte do impacto.,Destreza,,1 ataque adicional por turno,Boa arma de sequência e mobilidade.,Segundo golpe não aplica efeitos completos,,Raro,,Nenhum,Arma Média,
Martelo de Gravidade,Corpo a corpo,,,,Reduz velocidade do alvo,Arma,,,—,1d12,,,Alta,Impacto cria zona de peso aumentado.,Força,,Sem limite,Ótimo contra avançadores e monstros grandes.,Arma pesada para a categoria,,Épico,,Nenhum,Arma Média,
Arco de Energia,24 m,,,,Flechas infinitas de energia,Arma,,,—,1d10,,,Alta,Dispensa munição física e adapta o tipo de brilho.,Destreza ou Inteligência,,Sem limite,Arma prática para campanhas longas.,Brilho pode denunciar posição,,Raro,,Nenhum,Arma Média,
Bastão de Ki,Corpo a corpo,,,,Regenera 2 Ki por turno,Arma,,,—,1d8,,,Alta,Sincroniza fluxo marcial com impacto contínuo.,Sabedoria,,Enquanto empunhado,Arma suporte para usuários técnicos de Ki.,Regeneração cessa se o usuário ficar Atordoado,,Raro,,Subclasse de Ki,Arma Média,
Martelo Sísmico,Corpo a corpo,,,,Derruba inimigos em impacto forte,Arma,,20 / derruba e soma +1d10 sísmico,—,1d20 + Mod. de Força,,,Alta,Abalo sísmico curta distância.,Força,"A cada 10 níveis, o impacto sísmico ganha +1d10 e melhora a área de queda.",Sem limite,Perfeito para controle físico de chefes.,Baixa cadência de ataque,,Épico,,Nenhum,Arma Pesada,
Lança do Abismo,3 m,,,,Ignora resistência,Arma,,,—,2d10,,,Alta,Ponta abissal perfura proteção energética.,Força,,Sem limite,Ótima contra criaturas blindadas ou resistentes.,Difícil de usar em espaços muito fechados,,Épico,,Nenhum,Arma Pesada,
Foice da Morte,Corpo a corpo,,,,Cura 50% do dano causado,Arma,,,—,2d10,,,Média,Roubo de vida em alvos vulneráveis.,Força ou Destreza,,Sem limite,Arma vampírica de sustentação ofensiva.,Cura reduzida contra construtos e mortos-vivos,,Épico,,Afinidade sombria,Arma Pesada,
Machado Duplo Brutal,Corpo a corpo / varredura curta,,,,Dano em área adjacente,Arma,,,—,2d10,,,Alta,Varre até 2 alvos próximos.,Força,,Sem limite,Pressão agressiva contra grupos.,-1 precisão contra alvos muito móveis,,Raro,,Força elevada recomendada,Arma Pesada,
Espadão do Colosso,Corpo a corpo,,Força,,Golpes aplicam a condição Guarda Quebrada,Arma,,20 / x2; em Postura Impulsiva ameaça 19–20,—,1d20 + Mod. de Força,,,Alta,Impacto brutal com alcance amplo.,Força,"Nos níveis 10, 20, 30, 40 e 50, recebe +1d10 adicional ou converte parte do dano em impacto em área pesada.",Sem limite,Arma de dano bruto para linha de frente.,-2 velocidade,,Raro,,Força elevada recomendada,Arma Pesada,3
Canhão Arcano,20 m,,,,Explosão em área de 3 m,Arma,,20 / explosão recebe +1d10 arcano,10 Mana,1d20 + Mod. de Inteligência,,,Média,Disparo concentrado de energia arcana em massa.,Inteligência,"A cada 10 níveis, aumenta a área em +1 m ou recebe +1d10 de dano explosivo; permanece arma de artilharia de alto nível.",Enquanto houver Mana,Arma de artilharia para builds arcanas.,Recarga de 1 turno,,Épico,,Usuário de Mana,Arma Pesada,
Espada de Plasma,Corpo a corpo,,,,Ignora armadura,Arma,,19–20 / ignora armadura e soma +1d12 plasma,—,1d20 + Mod. de Força ou Inteligência,,,Média,Lâmina superaquecida atravessa placas comuns.,Força ou Inteligência,"Nos níveis altos, recebe +1d10 de plasma a cada 10 níveis e perfuração crescente contra blindagens extremas.",Sem limite,Arma pesada de perfuração extrema.,Consome estabilidade térmica em ambientes frágeis,,Lendário,,Usuário com afinidade energética,Arma Pesada,
Martelo Celestial,Corpo a corpo,,,,+1d10 radiante extra,Arma,,20 / +1d12 radiante,—,1d20 + Mod. de Força,,,Alta,Impacto sagrado pune criaturas corrompidas.,Força,"A cada 10 níveis, o dano radiante cresce +1d10 e a arma pune ainda mais criaturas corrompidas.",Sem limite,"Arma pesada para paladinos, clérigos e executores.",Brilha e denuncia posição,,Lendário,,Afinidade sagrada recomendada,Arma Pesada,
Clava Demoníaca,Corpo a corpo,,,,Dano aumenta conforme HP baixo,Arma,,,—,2d12,,,Alta,Fome demoníaca amplifica o golpe em desespero.,Força,,Sem limite,Arma de risco e explosão final.,Pode induzir comportamento agressivo,,Épico,,Nenhum,Arma Pesada,
Arco Colossal,30 m,,,,Perfura múltiplos alvos,Arma,,,—,2d10,,,Alta,Setas massivas atravessam fileiras.,Força ou Destreza,,Sem limite,Arco para caçadores de monstros e campos abertos.,Disparo lento,,Épico,,Força mínima recomendada,Arma Pesada,
Lâmina do Tempo,Corpo a corpo,,,,10% de chance de repetir o turno,Arma,,19–20 / repete 1 golpe temporal leve,4 Mana por ativação,1d20 + Mod. de Destreza ou Inteligência,,,Média,Chance de repetir turno.,Destreza ou Inteligência,"A cada 10 níveis, melhora a chance de eco temporal ou soma +1d10 de dano cronal.",2 ativações por combate,Arma especial de altíssima mobilidade temporal.,Falha crítica gera atraso temporal pessoal,,Lendário,,Afinidade temporal,Arma Especial,
Foice da Entropia,Corpo a corpo,,,,Reduz atributos do alvo,Arma,,,—,2d10,,,Média,Cada crítico reduz 1 atributo físico ou mental do alvo por 2 turnos.,Força ou Inteligência,,2 ativações entrópicas por combate,Arma de debuff poderoso e risco elevado.,Usuário sofre desgaste gradual se abusar do efeito,,Lendário,,Afinidade entrópica,Arma Especial,
Cajado da Singularidade,18 m,,,,Cria mini buraco negro,Arma,,,8 Mana,2d8,,,Média,Área de sucção por 1 turno.,Inteligência,,2 usos por combate,Ferramenta arcana de controle massivo.,Risco de puxar aliados próximos,,Lendário,,Domínio de Gravidade ou Espaço,Arma Especial,
Espada do Espaço,Corpo a corpo / ignora distância curta,,,,Ignora distância,Arma,,,3 Mana por ataque especial,1d12,,,Alta,Ataques podem atingir através de dobras espaciais.,Destreza ou Inteligência,,3 cortes dimensionais por combate,Excelente para duelos contra alvos evasivos.,Consome foco em sequência longa,,Lendário,,Domínio espacial,Arma Especial,
Punho Gravitacional,3 m,,,,Atrai inimigos,Arma,,,2 Ki ou 3 Mana por uso,1d10,,,Alta,Puxa alvo em até 3 m antes ou depois do impacto.,"Força, Sabedoria ou Inteligência",,Sem limite enquanto houver recurso,Ótimo para iniciar combos e quebrar posicionamento.,Curto alcance efetivo,,Épico,,Nenhum,Arma Especial,
Lâmina do Caos,Corpo a corpo,,,,Gera efeito aleatório a cada acerto importante,Arma,,,—,1d4–3d12,,,Média,Imprevisível.,Força ou Destreza,,Sem limite,Arma de altíssima variância e identidade selvagem.,Pode produzir resultado inferior ao esperado,,Lendário,,Aceitação do risco caótico,Arma Especial,
Espada da Realidade,Corpo a corpo / linha curta,,,,Ignora regras físicas locais,Arma,,20 / corte impossível soma +1d12 de ruptura,5 Mana por corte impossível,1d20 + Mod. de Inteligência ou Força,,,Alta,"Pode atravessar matéria comum, ângulos improváveis ou cobertura total frágil.",Inteligência ou Força,"Nos níveis altos, ignora cada vez mais leis locais e recebe +1d10 a cada 10 níveis.",2 cortes impossíveis por combate,Arma especial de ruptura máxima.,Uso excessivo causa instabilidade no cenário,,Lendário,,Domínio de Realidade,Arma Especial,
Arco Dimensional,24 m,,,,Teleporta flechas,Arma,,,—,2d8,,,Alta,Projéteis surgem por trás de cobertura parcial.,Destreza ou Inteligência,,Sem limite,Arma de caça e assassinato tático.,Menor dano contra campos antiporte,,Épico,,Afinidade espacial opcional,Arma Especial,
Martelo do Vazio,Corpo a corpo,,,,Remove buffs,Arma,,20 / remove buff e soma +1d12 do vazio,4 Mana por impacto especial,1d20 + Mod. de Força,,,Alta,Golpes anulam até 1 efeito positivo do alvo.,Força,"Nos níveis altos, cada anulação remove efeitos mais fortes e a arma ganha +1d10 por marco de 10 níveis.",3 anulações por combate,Arma perfeita contra chefes fortalecidos.,Ataques especiais têm uso limitado,,Lendário,,Nenhum,Arma Especial,
Adaga da Alma,Corpo a corpo,,,,Dano direto na energia do alvo,Arma,,,—,1d8,,,Média,Ignora parte da Vida temporária e drena recurso em acerto crítico.,Destreza ou Sabedoria,,Sem limite,Ótima contra conjuradores e usuários de Ki.,Pouco efeito contra máquinas e corpos vazios,,Épico,,Afinidade espiritual,Arma Especial,
Lâmina Parasita,Corpo a corpo,,,,Rouba atributos,Arma,,,—,1d10,,,Média,Reduz 1 atributo do alvo e transfere bônus temporário ao usuário em crítico.,Destreza ou Constituição,,2 drenos por combate,Arma tática de roubo biológico.,Dreno falho pode ferir o portador,,Épico,,Origem Flagelado,Arma de Flagelado,
Foice Óssea,Corpo a corpo,,,,Aplica sangramento constante,Arma,,,—,2d8,,,Alta,Sangramento contínuo de 1d6 por 2 turnos.,Força ou Destreza,,Sem limite,Arma cruenta de pressão contínua.,Menor eficiência contra construtos,,Raro,,Origem Flagelado,Arma de Flagelado,
Espada de Carne Viva,Corpo a corpo,,,,Ganha +1 dano a cada 10% de Vida perdida,Arma,,,—,2d10,,,Alta,Cresce com dano recebido.,Força ou Constituição,,Sem limite,Arma orgânica de escalonamento agressivo.,Pode pulsar e denunciar posição,,Épico,,Origem Flagelado,Arma de Flagelado,
Braço Mutante,Variável 2–5 m,,,,Alcance variável,Arma,,,2 EF por extensão máxima,2d12,,,Alta,"Membro cresce, endurece e se deforma conforme a necessidade.",Força,,Sem limite enquanto houver EF,Arma corporal brutal e adaptativa.,Uso contínuo pode deixar o braço Inerte,,Épico,,Origem Flagelado,Arma de Flagelado,
Corrente Orgânica,4 m,,,,Prende inimigos,Arma,,,—,1d10,,,Alta,Laços vivos enrolam o alvo e reduzem deslocamento a zero se falhar na resistência.,Constituição ou Destreza,,Sem limite,Ferramenta viva de captura e controle.,Vulnerável a fogo intenso,,Raro,,Origem Flagelado,Arma de Flagelado,
Clava Pulsante,Corpo a corpo,,,,Dano em ondas,Arma,,,—,2d10,,,Alta,"Após o impacto, libera pulsação que causa metade do dano em adjacentes.",Força,,Sem limite,Arma de esmagamento e propagação.,Cadência baixa,,Épico,,Origem Flagelado,Arma de Flagelado,
Garras Abissais,Corpo a corpo,,,,Múltiplos ataques,Arma,,,2 EF por sequência,2d8,,,Alta,Realiza até 3 ataques leves no mesmo turno.,Destreza ou Força,,1 sequência por turno,Arma de combo e pressão selvagem.,Cada ataque adicional sofre -1 precisão,,Épico,,Origem Flagelado,Arma de Flagelado,
Lâmina Instável,Corpo a corpo,,,,Pico de dano extremo,Arma,,19–20 / +1d12 instável e autodano ampliado,—,1d20 + Mod. de Força ou Constituição,,,Média,"Golpe libera explosão irregular de carne, osso e energia.",Força ou Constituição,"A cada 10 níveis, recebe +1d10 caótico e aumenta sua explosão de risco-recompensa.",Sem limite,Arma de all-in para builds arriscadas.,Causa dano ao usuário (1d8),,Lendário,,Origem Flagelado,Arma de Flagelado,
Arco Carnívoro,24 m,,,,Converte HP em dano adicional,Arma,,,5% da Vida por disparo carregado,2d8,,,Média,Consome HP para aumentar impacto do projétil.,Constituição ou Destreza,,Sem limite até colapso,Arma biológica de sacrifício ofensivo.,Autodano cumulativo,,Épico,,Origem Flagelado,Arma de Flagelado,
Espada da Loucura,Corpo a corpo,,,,Aplica confusão,Arma,,20 / confusão agravada e +1d12 psíquico,—,1d20 + Mod. de Força ou Sabedoria corrompida,,,Alta,Acertos bem-sucedidos podem impor Confuso por 1 turno.,Força ou Sabedoria corrompida,"Nos níveis altos, a confusão escala em duração e o dano psíquico cresce +1d10 a cada 10 níveis.",Sem limite,Arma insana de ruptura psíquica.,Usuário faz teste para não sofrer instabilidade mental,,Lendário,,Origem Flagelado,Arma de Flagelado,
Túnica Arcana,—,,Inteligência,,-15% custo de Mana,Armadura,,,—,,"+2 base, +1 a cada 3 níveis do item; contribuição máxima 14, Defesa final recomendada do usuário até 50 com suporte mágico",,Média,Canalização mais estável para conjuradores.,Inteligência,Escala em conjuradores de nível alto ao combinar redução de custo com ganho gradual de Defesa e resistência arcana.,Passiva,Túnica escalável para permanecer relevante até o nível máximo.,Proteção física limitada,,Raro,,Usuário de Mana,Armadura Leve,2
Armadura de Ferro Pesado,—,,,,Alta proteção física,Armadura,,,—,,"+5 base, +1 a cada 2 níveis do item; contribuição máxima 20, Defesa final recomendada do usuário até 50",,Alta,Absorve bem dano contundente e cortante.,—,"Nos níveis 10, 20, 30, 40 e 50, a armadura aumenta sua redução física e contribui progressivamente até o teto funcional de Defesa 50 do personagem.",Passiva,Armadura pesada de referência para tanques de fim de jogo.,-2 velocidade,,Comum,,Força mínima recomendada,Armadura Pesada,
Armadura de Ki,—,,Sabedoria,,+2 Ki por turno,Armadura,,,—,,"+3 base, +1 a cada 3 níveis; contribuição máxima 16, Defesa final recomendada até 50 com técnicas de Ki",,Alta,Fluxo interno contínuo alimenta técnicas.,Sabedoria,A regeneração de Ki e a Defesa crescem juntas em marcos altos para manter viabilidade em nível máximo.,Passiva,Armadura de Ki agora permanece competitiva em campanhas longas.,Perde parte do efeito sob silêncio espiritual,,Raro,,Subclasse de Ki,Armadura Média,2
Armadura de Cristal,—,,,,Reflete 10% do dano,Armadura,,,—,,"+4 base, +1 a cada 2 níveis; contribuição máxima 18, Defesa final recomendada até 50",,Média,Refração cristalina devolve parte do impacto recebido.,—,"A reflexão e a Defesa sobem em marcos altos, transformando a armadura em opção sólida de late game.",Passiva,"Escala entre defesa, retorno de dano e resistência estrutural.",Pode lascar sob esmagamento contínuo,,Épico,,Nenhum,Armadura Média,
Manto das Sombras,—,,,,Invisibilidade parcial,Armadura,,,2 Mana por turno em ocultação total,,"+2 base, +1 a cada 4 níveis; contribuição máxima 12, Defesa final recomendada até 50 com evasão e ocultação",,Média,Dificulta ser alvo de ataques à distância e percepção.,Destreza ou Inteligência,"Em níveis altos, aumenta a eficiência da ocultação e transforma parte da Destreza em defesa adicional.",Enquanto houver recurso,"Defesa escalada por evasão, não por blindagem direta.",Menor resistência em luz intensa,,Épico,,Afinidade sombria ou furtividade avançada,Armadura Leve,
Armadura Vulcânica,Contato,,,,Dano de fogo ao contato,Armadura,,,—,,"+5 base, +1 a cada 2 níveis; contribuição máxima 19, Defesa final recomendada até 50",,Alta,Inimigos corpo a corpo sofrem 1d6 de fogo ao acertar o usuário.,—,"Nos níveis altos, o retorno de fogo e a resistência térmica aumentam junto com a blindagem.",Passiva,Armadura ofensiva pesada relevante no late game.,Pode atrair atenção e causar calor excessivo,,Épico,,Resistência térmica recomendada,Armadura Pesada,
Armadura Celestial,—,,,,Resistência mágica,Armadura,,,—,,"+4 base, +1 a cada 2 níveis; contribuição máxima 18, Defesa final recomendada até 50",,Alta,Reduz dano mágico recebido e facilita resistências espirituais.,—,"Cresce em resistência mágica, proteção espiritual e Defesa por tier alto.",Passiva,Armadura média de elite para confrontos energéticos e sagrados.,Brilho constante pode denunciar posição,,Lendário,,Afinidade sagrada opcional,Armadura Média,
Carapaça Flagelada,—,,Constituição,,Regenera lentamente,Armadura,,,—,,"+6 base, +1 a cada 2 níveis; contribuição máxima 22, Defesa final recomendada até 50",,Alta,"Recupera 1d4 de Vida por turno, mas aumenta risco de perder controle.",Constituição,"A regeneração e a blindagem orgânica aumentam muito em níveis altos, mantendo a armadura no topo defensivo.",Passiva,Uma das melhores armaduras de progressão para linha de frente.,Pode impor Instável sob estresse,,Lendário,,Origem Flagelado,Armadura Pesada,3
Armadura de Gravidade,—,,,,Reduz dano recebido,Armadura,,,—,,"+5 base, +1 a cada 2 níveis; contribuição máxima 20, Defesa final recomendada até 50",,Alta,Campo gravitacional dispersa parte do impacto.,—,O campo gravitacional reduz dano e converte parte do nível alto em mitigação real.,Passiva,Armadura pesada de controle e mitigação para escalas altas.,Reduz mobilidade em saltos e esquivas longas,,Épico,,Nenhum,Armadura Pesada,
Armadura do Vazio,—,,,,Chance de evitar dano totalmente,Armadura,,,3 Mana ao ativar evasão absoluta,,"+3 base, +1 a cada 3 níveis; contribuição máxima 16, Defesa final recomendada até 50 com evasão especial",,Média,Pode anular um impacto ao deslocá-lo para o vazio.,Inteligência ou Destreza,"A evasão absoluta escala em chance, custo e confiabilidade em níveis altos.",2 ativações por combate,Armadura tática de alto teto contra ataques decisivos.,Efeito não é garantido e pode falhar sob anti-magia,,Lendário,,Afinidade espacial ou sombria,Armadura Média,
Colar de Mana Infinita,,,,,Regeneração alta de Mana,Artefato,,,—,,,,,Recupera Mana a cada turno em combates prolongados.,,,Passivo,Perigoso em mãos de conjuradores com alta AM.,,,Lendário,,Usuário de Mana,Colar,
Amuleto da Alma,,,,,Aumenta dano espiritual,Artefato,,,—,,,,,"Soma dano espiritual adicional em magias, Ki ou ataques da alma.",,,Passivo,"Excelente para clérigos, guerreiros espirituais e usuários de alma.",,,Épico,,Afinidade espiritual,Amuleto,
Anel de Amplificação,,1,Inteligência,,+1 AM,Artefato,,,—,,,,,Aumenta o limite prático de Amplificação de Magia em 1.,,,Passivo,Artefato central para arcanistas de alto risco.,,,Épico,,Usuário de Mana,Anel,1
Orbe do Caos,,,,,Efeitos aleatórios poderosos,Artefato,,,2 Mana por ativação,,,,,"Rola efeito caótico de dano, buff, debuff ou distorção.",,,3 ativações por combate,"Grande teto de poder, alta imprevisibilidade.",,,Lendário,,Aceitação do risco caótico,Orbe,
Relíquia do Tempo,,,,,Reduz cooldown,Artefato,,,—,,,,,Reduz em 1 turno a recarga de habilidades temporais ou especiais.,,,Passivo,Muito forte em personagens de ação explosiva.,,,Lendário,,Nenhum,Relíquia,
Núcleo Elemental,,,,,Boost em elemento,Artefato,,,—,,,,,"Escolha um elemento dominado; ele recebe bônus de dano, alcance ou duração.",,,Passivo,Artefato modular para repertórios especializados.,,,Épico,,Domínio elemental,Núcleo,
Máscara do Vazio,,,,,Imunidade mental parcial,Artefato,,,—,,,,,"Concede grande resistência a controle mental, medo e leitura psíquica.",,,Passivo,Muito útil contra conjuradores de mente e horror.,,,Épico,,Nenhum,Máscara,
Pedra de Ki,,,Sabedoria,,Recuperação extra de Ki,Artefato,,,—,,,,,Regenera Ki adicional ao início do turno.,,,Passivo,"Artefato simples, eficiente e versátil.",,,Raro,,Subclasse de Ki,Pedra,1
Fragmento de Realidade,,,,,Ignora regras locais,Artefato,,,5 Mana por ativação,,,,,"Permite uma pequena ação impossível por cena, como atravessar, inverter ou anular um limite físico.",,,1 ativação por cena,Artefato de utilidade absurda e controle narrativo.,,,Lendário,,Usuário avançado de Mana,Fragmento,
Coração Flamejante,,,,,Buff de fogo,Artefato,,,—,,,,,Aumenta dano e duração de queimadura em magias ou armas de fogo.,,,Passivo,Sinergia clara com repertórios agressivos.,,,Épico,,Afinidade com fogo,Coração,
Anel Gravitacional,,,,,Controle de campo,Artefato,,,2 Mana por uso,,,,,Puxa ou desacelera alvos em pequena área ao redor do usuário.,,,3 usos por combate,Ferramenta de reposicionamento confiável.,,,Épico,,Nenhum,Anel,
Espelho Arcano,,,,,Reflete magia,Artefato,,,4 Mana por reflexão,,,,,Pode devolver parcialmente uma magia direcionada ao lançador original.,,,2 reflexões por combate,"Exige timing preciso, mas é devastador.",,,Lendário,,Usuário de Mana,Espelho,
Totem de Defesa,,,,,Redução de dano,Artefato,,,—,,,2,,Reduz dano recebido do portador ou de um aliado vinculado.,,,Passivo,Artefato simples e muito útil para campanhas longas.,,,Raro,,Nenhum,Totem,
Pingente de Sangue,,,,,Roubo de vida,Artefato,,,—,,,,,Converte parte do dano causado em cura moderada.,,,Passivo,Ótimo para combatentes agressivos.,,,Épico,,Nenhum,Pingente,
Olho do Observador,,,,,Detecta tudo,Artefato,,,—,,,,,"Revela invisibilidade, ilusões simples e rastros energéticos próximos.",,,Passivo,Fortíssimo em investigação e caça.,,,Épico,,Nenhum,Olho,
Relógio Quebrado,,,,1,Manipula turnos,Artefato,,,3 Mana por uso,,,,,Atrasa um inimigo ou adianta uma ação secundária do usuário.,,,2 usos por combate,Controle temporal compacto e perigoso.,,,Lendário,,Nenhum,Relógio,
Selo Demoníaco,,,,,Poder + risco,Artefato,,,Vida ou Sanidade variável,,,,,"Concede aumento expressivo de dano ou recurso por curta duração, mas impõe Instável.",,,1 ativação por combate,Artefato de barganha e corrupção.,,,Épico,,Nenhum,Selo,
Núcleo de Plasma,,,,,Dano explosivo,Artefato,,,—,,,,,"Amplifica magias e armas de plasma, fogo ou eletricidade com explosão secundária.",,,Passivo,Artefato ofensivo de altíssimo impacto.,,,Lendário,,Afinidade elemental correspondente,Núcleo,
Medalhão de Luz,,,Carisma,,Cura passiva,Artefato,,,—,,,,,Recupera pequena quantidade de Vida ao fim de cada rodada sem receber dano.,,,Passivo,Excelente para suporte e sustain.,,,Épico,,Nenhum,Medalhão,1
Pedra Sombria,,,,,Invisibilidade,Artefato,,,2 Mana por ativação,,,,,Concede invisibilidade parcial ou plena por curta duração.,,,2 ativações por combate,Ferramenta tática para infiltração e fuga.,,,Épico,1,Afinidade sombria ou furtividade,Pedra,
Cristal de Amplificação,,,,,Aumenta custo e dano,Artefato,,,—,,,,,"Amplia dano final de magias, mas também aumenta seu custo total.",,,Passivo,Perfeito para glass cannons arcanos.,,,Épico,,Usuário de Mana,Cristal,
Fragmento de Buraco Negro,,,,,Mini sucção,Artefato,,,6 Mana por uso,,,,,Cria campo de sucção curto que reposiciona alvos.,,,2 usos por combate,Versão compacta de controle gravitacional supremo.,,,Lendário,,Usuário avançado de Mana,Fragmento,
Marca do Caos,,,,,Buff aleatório constante,Artefato,,,—,,,,,"No início do turno concede um bônus aleatório de dano, defesa, velocidade ou recurso.",,,Passivo,Grande valor em builds adaptativas.,,,Lendário,,Aceitação do caos,Marca,
Essência Vital,,,,,Cura gradual,Artefato,,,—,,,,,Recupera Vida em pequenas parcelas por rodada ou após derrotar inimigos.,,,Passivo,Sustain confiável para campanhas longas.,,,Épico,,Nenhum,Essência,
Amuleto da Dor,,,,,Ganha dano ao sofrer dano,Artefato,,,—,,,,,Cada acerto recebido aumenta o dano do próximo ataque.,,,Acumula até 3 cargas,Artefato excelente para retaliadores.,,,Épico,,Nenhum,Amuleto,
Lente Arcana,,,,,Melhora precisão mágica,Artefato,,,—,,,,,Concede bônus direto em acertos de magia e em testes de AM.,,,Passivo,Artefato técnico para manipuladores e arcanistas.,,,Raro,,Usuário de Mana,Lente,
Corrente Espiritual,,,,,Liga aliados,Artefato,,,2 Ki ou 2 Mana por vínculo,,,,,"Compartilha cura, escudo ou parte de recurso entre dois aliados conectados.",,,1 vínculo ativo,Artefato de cooperação e suporte avançado.,,,Épico,,Afinidade espiritual,Corrente,
Anel de Teleporte,,,,,Mobilidade,Artefato,,,3 Mana por salto,,,,,Realiza teleporte curto e instantâneo em combate.,,,3 saltos por combate,Ferramenta universal de reposicionamento.,,,Épico,,Nenhum,Anel,
Selo da Entropia,,,,,Degrada inimigos,Artefato,,,—,,,,,"Reduz durabilidade, buffs ou atributos temporários de alvos atingidos.",,,Passivo,"Ótimo contra elites, construtos e equipamentos poderosos.",,,Lendário,,Nenhum,Selo,
Relíquia Final,,,,,Efeito absurdo,Artefato,,,Custo extremo variável,,,,,"Concede manifestação única de poder extremo, como reescrever o campo, salvar o grupo ou aniquilar uma ameaça maior.",,,1 uso por arco ou condição rara,Artefato de fim de jogo para eventos decisivos.,,,Lendário,,Campanha avançada e consentimento do mestre,Relíquia,
Poção de Cura Menor,,,,,Recupera 2d6 Vida,Consumível,,,Ação principal,,,,,Cura imediata básica.,,,1 uso,Poção padrão de início de campanha.,,,Comum,,Nenhum,Poção,
Poção de Mana Menor,,,,,Recupera 12 Mana,Consumível,,,Ação secundária,,,,,Reabastece reserva arcana leve.,,,1 uso,Consumível ideal para conjuradores iniciantes.,,,Comum,,Usuário de Mana,Poção,
Poção de Ki Menor,,,,,Recupera 10 Ki,Consumível,,,Ação secundária,,,,,Restabelece fluxo energético marcial.,,,1 uso,Básica para combates técnicos.,,,Comum,,Usuário de Ki,Poção,
Poção de Mana Maior,,,,,Recupera 30 Mana,Consumível,,,Ação secundária,,,,,Reabastece grande parcela de Mana.,,,1 uso,Muito útil em lutas de duração alta.,,,Raro,,Usuário de Mana,Poção,
Poção de Cura Maior,,,,,Recupera 4d6 Vida,Consumível,,,Ação principal,,,,,Cura imediata robusta.,,,1 uso,Boa para salvar personagens em risco.,,,Raro,,Nenhum,Poção,
Poção de Ki Maior,,,,,Recupera 24 Ki,Consumível,,,Ação secundária,,,,,Restabelece fluxo de Ki em volume relevante.,,,1 uso,Excelente para chefes e lutas longas.,,,Raro,,Usuário de Ki,Poção,
Poção de Resistência ao Fogo,,,,,Resistência a fogo,Consumível,,,Ação secundária,,,,,Reduz dano de fogo por 3 turnos.,,,1 uso,Útil contra magos de fogo e ambientes vulcânicos.,,,Incomum,,Nenhum,Poção,
Poção de Velocidade,,,,,+4 m deslocamento,Consumível,,,Ação secundária,,,,,Aumenta velocidade e iniciativa por 3 turnos.,,,1 uso,"Ótima para assassinos, arqueiros e reposicionamento.",,,Raro,,Nenhum,Poção,
Poção de Resistência ao Gelo,,,,,Resistência a gelo,Consumível,,,Ação secundária,,,,,Reduz dano de gelo e lentidão por 3 turnos.,,,1 uso,Boa contra áreas congelantes e controle frio.,,,Incomum,,Nenhum,Poção,
Poção de Força Bruta,,,,,+2 dano físico,Consumível,,,Ação secundária,,,,,Aumenta Força efetiva por 3 turnos.,,,1 uso,Consumível agressivo para lutadores físicos.,,,Incomum,,Nenhum,Poção,
Poção de Foco Mental,,,,,+2 em resistências mentais,Consumível,,,Ação secundária,,,,,Aumenta foco e reduz chance de interrupção por 3 turnos.,,,1 uso,Boa contra ilusão e controle mental.,,,Incomum,,Nenhum,Poção,
Poção de Precisão Arcana,,,,,+2 precisão mágica,Consumível,,,Ação secundária,,,,,Melhora testes de acerto mágico e AM por 3 turnos.,,,1 uso,Excelente para magias de alto custo.,,,Raro,,Usuário de Mana,Poção,
Poção de Salto Aéreo,,,,,Mobilidade vertical ampliada,Consumível,,,Ação secundária,,,,,Permite saltos longos e redução de dano de queda por 3 turnos.,,,1 uso,Utilidade tática e exploração.,,,Incomum,,Nenhum,Poção,
Poção de Pele Elétrica,,,,,Retorno elétrico,Consumível,,,Ação secundária,,,,,Quem acertar o usuário em corpo a corpo sofre 1d6 de eletricidade por 3 turnos.,,,1 uso,Defesa agressiva contra combos físicos.,,,Raro,,Nenhum,Poção,
Poção de Defesa Pétrea,,,,,+2 Defesa,Consumível,,,Ação secundária,,,,,Endurece a pele por 3 turnos.,,,1 uso,Ótima para personagens expostos ao foco inimigo.,,,Incomum,,Nenhum,Poção,
Poção de Olhos Noturnos,,,,,Visão ampliada no escuro,Consumível,,,Ação secundária,,,,,Ignora penalidades leves de obscuridade por 1 cena.,,,1 uso,"Muito útil em exploração, emboscada e cavernas.",,,Comum,,Nenhum,Poção,
Poção de Purificação,,,,,Remove condição negativa,Consumível,,,Ação principal,,,,,"Remove uma condição leve física, mental ou energética.",,,1 uso,Consumível utilitário de altíssimo valor.,,,Raro,,Nenhum,Poção,
Poção de Fúria Sangrenta,,,,,+2 dano e +2 m deslocamento,Consumível,,,Ação secundária,,,,,Aumenta agressividade por 3 turnos.,,,1 uso,"Após o efeito, o usuário sofre -1 Defesa por 1 turno.",,,Raro,,Nenhum,Poção,
Poção de Estabilidade,,,,,Reduz Instável,Consumível,,,Ação secundária,,,,,Anula penalidades leves de instabilidade e colapso por 2 turnos.,,,1 uso,Ideal para builds de alto risco.,,,Incomum,,Nenhum,Poção,
Poção de Respiração Abissal,,,,,Respiração especial,Consumível,,,Ação secundária,,,,,"Permite respirar em água, fumaça densa ou ambiente hostil por 1 cena curta.",,,1 uso,Exploração e sobrevivência ambiental.,,,Incomum,,Nenhum,Poção,
Ameaçadora,,,,,Duplica margem de ameaça,Encantamento,,,Aplicação por ferreiro arcano,,,,,A arma encantada ameaça crítico com muito mais frequência.,,,Passivo,Encantamento central para builds de crítico.,,,Épico,,Arma compatível,Encantamento de Arma,
Anticriatura,,,,,Bônus contra um tipo de criatura,Encantamento,,,Aplicação por alvo escolhido,,,,,Concede bônus de ataque e dano contra uma categoria específica.,,,Passivo,Muito forte em campanhas temáticas.,,,Raro,,Definir tipo de criatura,Encantamento de Arma,
Assassina,,,,,Aumenta ataque furtivo,Encantamento,,,—,,,,,Amplia dano extra em ataques furtivos ou de surpresa.,,,Passivo,Encantamento ideal para assassinos e infiltradores.,,,Raro,,Arma leve ou finesse,Encantamento de Arma,
Caçadora,,,,,Ignora camuflagem e cobertura,Encantamento,,,—,,,,,Ataques sofrem menos penalidade contra alvos ocultos.,,,Passivo,Excelente para rastreadores e arqueiros.,,,Raro,,"Arco, arma de arremesso ou lâmina leve",Encantamento de Arma,
Arremesso,,,,,Pode ser arremessada,Encantamento,,,—,,,,,Permite lançar arma corpo a corpo sem perder sua eficácia básica.,,,Passivo,Ótimo para versatilidade tática.,,,Incomum,,Arma compatível,Encantamento de Arma,
Congelante,,,,,+1d6 de dano de frio,Encantamento,,,—,,,,,Golpes podem aplicar Lentidão leve.,,,Passivo,Ótimo para controle de mobilidade.,,,Raro,,Arma compatível,Encantamento de Arma,
Conjuradora,,,,,Pode guardar e lançar magias,Encantamento,,,—,,,,,Armazena uma magia e permite liberá-la depois pelo item encantado.,,,1 magia armazenada,Excelente sinergia com Encantador.,,,Épico,,"Foco, cajado ou arma arcana",Encantamento de Foco,
Corrosiva,,,,,+1d6 de dano ácido,Encantamento,,,—,,,,,Pode reduzir Defesa ou durabilidade do alvo.,,,Passivo,Forte contra armaduras e construtos.,,,Raro,,Arma compatível,Encantamento de Arma,
Dançarina,,,,,Ataca sozinha,Encantamento,,,2 Mana por ativação,,,,,A arma realiza um ataque autônomo simples por turno.,,,3 turnos por combate,Versão tática de arma viva controlada.,,,Épico,,Arma leve ou média,Encantamento de Arma,
Defensora,,,,,Defesa +2,Encantamento,,,—,,,,,Concede bônus fixo de Defesa ao equipamento encantado.,,,Passivo,Encantamento simples e universalmente útil.,,,Raro,,"Armadura, manto ou escudo",Encantamento de Armadura,
Destruidora,,,,,Bônus contra construtos,Encantamento,,,—,,,,,"Aumenta ataque e dano contra construtos, portas e barreiras artificiais.",,,Passivo,Excelente em campanhas de ruínas e autômatos.,,,Raro,,Arma compatível,Encantamento de Arma,
Drenante,,,,,Crítico drena a vítima,Encantamento,,,—,,,,,"Acertos críticos drenam Vida, Mana ou Ki do alvo.",,,Passivo,Muito forte em builds de crítico ou sustain.,,,Épico,,Arma compatível,Encantamento de Arma,
Excruciante,,,,,Causa fraqueza,Encantamento,,,—,,,,,Golpes podem impor fraqueza física ou mental por curto período.,,,Passivo,Encantamento de debuff pesado.,,,Épico,,Arma compatível,Encantamento de Arma,
Energética,,,,,Bônus em ataque,Encantamento,,,—,,,,,Concede bônus consistente em testes de ataque.,,,Passivo,Versátil e eficiente em qualquer build ofensiva.,,,Épico,,Arma compatível,Encantamento de Arma,
Elétrica,,,,,+1d6 de dano de eletricidade,Encantamento,,,—,,,,,Pode retirar reação ou aplicar choque leve.,,,Passivo,Encantamento ofensivo de interrupção.,,,Raro,,Arma compatível,Encantamento de Arma,
Flamejante,,,,,+1d6 de dano de fogo,Encantamento,,,—,,,,,Pode aplicar Queimando leve.,,,Passivo,Encantamento clássico de dano elemental.,,,Raro,,Arma compatível,Encantamento de Arma,
Formidável,,,,,Ataque e dano +2,Encantamento,,,—,,,,,Melhora geral de precisão e impacto da arma encantada.,,,Passivo,Encantamento premium de consistência ofensiva.,,,Épico,,Arma compatível,Encantamento de Arma,
Lancinante,,,,,Causa crítico terrível,Encantamento,,,—,,,,,Críticos causam dano agravado e chance de debilitação adicional.,,,Passivo,Perfeito para duelistas de finalização.,,,Épico,,Arma cortante ou perfurante,Encantamento de Arma,
Magnífica,,,,,Ataque e dano +4,Encantamento,,,—,,,,,Amplia drasticamente o desempenho base da arma ou foco encantado.,,,Passivo,Encantamento topo de linha de consistência pura.,,,Lendário,,Arma ou foco de alto tier,Encantamento de Arma,
Piedosa,,,,,Dano não letal,Encantamento,,,—,,,,,Converte dano letal em não letal com eficiência total.,,,Passivo,"Ideal para captura, justiça e campanhas urbanas.",,,Incomum,,Arma compatível,Encantamento de Arma,
Poção de Invisibilidade Parcial,,,,,Camuflagem forte,Consumível,,,Ação secundária,,,,,Concede ocultação avançada por 2 turnos.,,,1 uso,Excelente para infiltração e reposicionamento.,,,Raro,,Nenhum,Poção,
Poção de Tempestade Interna,,,,,+1d6 elétrico nos ataques,Consumível,,,Ação secundária,,,,,Armas e golpes corpo a corpo recebem dano elétrico por 3 turnos.,,,1 uso,Combina bem com guerreiros e duelistas.,,,Raro,,Nenhum,Poção,
Poção de Lucidez,,,,,Remove Confuso ou Sono leve,Consumível,,,Ação secundária,,,,,Restaura clareza mental imediata.,,,1 uso,Contramedida barata contra controle mental básico.,,,Incomum,,Nenhum,Poção,
Poção de Pele Férrea,,,,,Reduz dano físico,Consumível,,,Ação secundária,,,,,Reduz dano físico recebido em 2 por 3 turnos.,,,1 uso,Ótima contra marciais e monstros de impacto.,,,Raro,,Nenhum,Poção,
Poção de Sangue Frio,,,,,Resistência a medo e pressão,Consumível,,,Ação secundária,,,,,Concede vantagem contra pânico e intimidação por 1 cena.,,,1 uso,Perfeita para batalhas psicológicas.,,,Incomum,,Nenhum,Poção,
Poção de Recarga Arcana,,,,,Recupera uso de magia limitada,Consumível,,,Ação secundária,,,,,Restaura 1 uso de magia de limite por combate ou reduz 1 recarga pesada.,,,1 uso,Consumível premium de alto valor.,,,Épico,,Usuário de Mana,Poção,
Poção de Pulso Vital,,,,,Cura e remove Sangramento,Consumível,,,Ação principal,,,,,Recupera 3d6 Vida e remove Sangramento.,,,1 uso,Perfeita para estabilização emergencial.,,,Raro,,Nenhum,Poção,
Poção de Explosão de Mana,,,,,+2 AM na próxima magia,Consumível,,,Ação secundária,,,,,"A próxima magia recebe grande amplificação, mas custa mais Mana.",,,1 uso,Excelente para burst controlado.,,,Épico,,Usuário de Mana,Poção,
Poção de Passo Etéreo,,,,,Atravessa obstáculos leves,Consumível,,,Ação secundária,,,,,Permite ignorar colisão com barreiras simples por 2 turnos.,,,1 uso,Mobilidade extrema para fuga ou infiltração.,,,Épico,,Nenhum,Poção,
Poção de Vigor Titânico,,,,,+3 Força temporária,Consumível,,,Ação secundária,,,,,"Aumenta dano, testes de carga e resistência física por 3 turnos.",,,1 uso,Explosão física curta para tanques e brutamontes.,,,Épico,,Nenhum,Poção,
Profana,,,,,Bônus contra devotos do Bem,Encantamento,,,—,,,,,Aumenta ataque e dano contra alvos sagrados ou devotos do Bem.,,,Passivo,Encantamento sombrio e especializado.,,,Épico,,Arma compatível,Encantamento de Arma,
Trovejante,,,,,Causa atordoamento,Encantamento,,,—,,,,,Acertos importantes podem deixar o alvo Atordoado por 1 turno.,,,Passivo,Encantamento de alto valor contra elites.,,,Épico,,Arma compatível,Encantamento de Arma,
Tumular,,,,,+1d8 de dano de trevas,Encantamento,,,—,,,,,Golpes invocam energia mortuária que enfraquece vitalidade.,,,Passivo,Encantamento sombrio de dano elevado.,,,Épico,,Arma compatível,Encantamento de Arma,
Sagrada,,,,,Bônus contra devotos do Mal,Encantamento,,,—,,,,,"Aumenta ataque e dano contra criaturas malignas, profanas ou corrompidas.",,,Passivo,Contraponto luminoso de Profana.,,,Épico,,Arma compatível,Encantamento de Arma,
Sanguinária,,,,,Causa sangramento,Encantamento,,,—,,,,,Golpes passam a aplicar Sangramento em acertos fortes ou críticos.,,,Passivo,Muito eficiente para pressão prolongada.,,,Raro,,Arma cortante ou perfurante,Encantamento de Arma,
Veloz,,,,,Fornece ataque extra,Encantamento,,,—,,,,,Concede um ataque adicional por turno com penalidade reduzida.,,,Passivo,Top tier para duelistas e marciais rápidos.,,,Lendário,,Arma leve ou média,Encantamento de Arma,
Venenosa,,,,,Causa envenenamento,Encantamento,,,—,,,,,Acertos aplicam Envenenado com toxina persistente.,,,Passivo,Ótima contra alvos de alta Vida.,,,Raro,,Arma compatível,Encantamento de Arma,
Poção de Couro de Rocha,,,,,Resistência a perfuração,Consumível,,,Ação secundária,,,,,Reduz dano perfurante e melhora estabilidade por 3 turnos.,,,1 uso,Boa contra arqueiros e lanças.,,,Incomum,,Nenhum,Poção,
Poção de Escudo Mental,,,,,Barreira psíquica,Consumível,,,Ação secundária,,,,,Concede proteção contra controle mental e dano psíquico por 3 turnos.,,,1 uso,"Contra ilusão, projeção e entidades mentais.",,,Raro,,Nenhum,Poção,
Poção de Reflexos Felinos,,,,,+2 em esquiva e Reflexos,Consumível,,,Ação secundária,,,,,Aumenta capacidade de reação por 3 turnos.,,,1 uso,Excelente para duelistas leves.,,,Incomum,,Nenhum,Poção,
Poção de Ressonância de Ki,,,,,+1 em técnicas de Ki,Consumível,,,Ação secundária,,,,,Aumenta precisão e estabilidade de técnicas de Ki por 3 turnos.,,,1 uso,Ótima para monges e mestres das armas.,,,Raro,,Usuário de Ki,Poção,
Poção de Clarividência,,,,,Percepção ampliada,Consumível,,,Ação secundária,,,,,"Revela armadilhas, ilusões leves e presenças ocultas por 1 cena.",,,1 uso,Consumível excelente para exploração.,,,Raro,,Nenhum,Poção,
Poção de Pulmão de Chama,,,,,Sopro ígneo curto,Consumível,,,Ação secundária,,,,,Permite um sopro de fogo de 2d6 uma vez em até 3 turnos.,,,1 uso,Ferramenta ofensiva divertida e eficiente.,,,Incomum,,Nenhum,Poção,
Poção de Névoa Curativa,,,,,Cura em área leve,Consumível,,,Ação principal,,,,,Cria névoa que recupera 1d6 de Vida de aliados adjacentes por 2 turnos.,,,1 uso,Consumível tático de suporte coletivo.,,,Raro,,Nenhum,Poção,
Poção de Sangue de Mercúrio,,,,,+2 Reflexos,Consumível,,,Ação secundária,,,,,"Aumenta evasão, resposta corporal e resistência leve a cortes por 3 turnos.",,,1 uso,Versão alquímica de adaptação corporal rápida.,,,Épico,,Nenhum,Poção,
Poção de Supressão da Dor,,,,,Ignora penalidades leves de ferimento,Consumível,,,Ação secundária,,,,,Mantém o usuário funcional mesmo ferido por 3 turnos.,,,1 uso,Muito valiosa para frontliners.,,,Raro,,Nenhum,Poção,
Poção de Eco Temporal,,,,,Ação secundária extra,Consumível,,,Ação secundária,,,,,Concede 1 ação secundária extra no próximo turno.,,,1 uso,Consumível lendário para jogadas decisivas.,,,Lendário,,Nenhum,Poção,
Cantil Vital de Campanha,,,,,Remove Desidratado,Consumível,"Mago (Criar%20Personagem/Classes/Mago%20f761bd678e484cd0993fda875188004f.html), Ki (Criar%20Personagem/Classes/Ki%20ec27f579c6cb4ff8b30faa1a340adab0.html), Híbrido (Criar%20Personagem/Classes/H%C3%ADbrido%20cd1a673735eb4b42b02898eb22d01d5f.html), Restrição Celestial (Criar%20Personagem/Classes/Restri%C3%A7%C3%A3o%20Celestial%20280949ab67c74aceba16774b4427722d.html)",,Ação secundária,,,,,Recupera Energia Física e estabiliza marchas longas.,,,1 uso,Pensado para jornadas e combate em clima hostil.,,,Incomum,,Nenhum,Poção,
Máscara de Respiração Rúnica,,,,,Imunidade curta a Asfixiado,Artefato,"Mago (Criar%20Personagem/Classes/Mago%20f761bd678e484cd0993fda875188004f.html), Ki (Criar%20Personagem/Classes/Ki%20ec27f579c6cb4ff8b30faa1a340adab0.html), Híbrido (Criar%20Personagem/Classes/H%C3%ADbrido%20cd1a673735eb4b42b02898eb22d01d5f.html), Restrição Celestial (Criar%20Personagem/Classes/Restri%C3%A7%C3%A3o%20Celestial%20280949ab67c74aceba16774b4427722d.html)",,1 Mana ou 1 Energia Física para selar o filtro,,,,,"Filtra fumaça, veneno leve e ambientes sem ar por alguns turnos.",,Nos níveis altos aumenta a duração e resiste a toxinas pesadas.,3 ativações por combate,Criada para neutralizar Asfixiado e fumaça tática.,,,Raro,,Nenhum,Respirador,
Talismã de Lucidez Fria,,,,,"+2 contra Hipnotizado, Pânico e Alucinado",Acessório,"Mago (Criar%20Personagem/Classes/Mago%20f761bd678e484cd0993fda875188004f.html), Ki (Criar%20Personagem/Classes/Ki%20ec27f579c6cb4ff8b30faa1a340adab0.html), Híbrido (Criar%20Personagem/Classes/H%C3%ADbrido%20cd1a673735eb4b42b02898eb22d01d5f.html), Restrição Celestial (Criar%20Personagem/Classes/Restri%C3%A7%C3%A3o%20Celestial%20280949ab67c74aceba16774b4427722d.html)",,1 reação por ativação,,,,,Quebra efeitos mentais leves e estabiliza foco do portador.,,,2 ativações por combate,Excelente contra controle psicológico.,,,Épico,1,Nenhum,Talismã mental,
Grevas de Ancoragem,,,,,Resiste a Deslocado e Gravidade Alterada,Armadura,,,,,+1 Defesa e resistência a empurrões,1,,Estabiliza o centro de massa e reduz efeitos de deslocamento anormal.,,Nos níveis altos pode anular um empurrão por rodada.,,Muito útil contra magia espacial e gravidade alterada.,-1 em salto vertical,,Raro,,Nenhum,Armadura leve,
Selo Rompedor Arcano,,,,,Chance de quebrar Canalização Quebrada do alvo,Encantamento,"Ki (Criar%20Personagem/Classes/Ki%20ec27f579c6cb4ff8b30faa1a340adab0.html), Restrição Celestial (Criar%20Personagem/Classes/Restri%C3%A7%C3%A3o%20Celestial%20280949ab67c74aceba16774b4427722d.html)",,—,,,,,Arma encantada interrompe sustentação mágica e amplia pressão anti-conjuração.,,,Passivo,Perfeito para caçar magos e usuários instáveis.,,,Raro,,Arma compatível,Encantamento de arma,
Manto de Estabilidade,,1,,,+2 resistência contra Eco Arcano e Sobrecarga Mágica,Acessório,"Mago (Criar%20Personagem/Classes/Mago%20f761bd678e484cd0993fda875188004f.html), Híbrido (Criar%20Personagem/Classes/H%C3%ADbrido%20cd1a673735eb4b42b02898eb22d01d5f.html)",,—,,,,,Suaviza surtos de Mana e reduz colateral energético.,,,Passivo,Acessório de segurança para conjuradores agressivos.,,,Épico,,Usuário de Mana,Manto,
Bracelete Contra-Caos,,,,,Reduz efeitos da Marca do Caos e de Postura Instável,Artefato,"Mago (Criar%20Personagem/Classes/Mago%20f761bd678e484cd0993fda875188004f.html), Ki (Criar%20Personagem/Classes/Ki%20ec27f579c6cb4ff8b30faa1a340adab0.html), Híbrido (Criar%20Personagem/Classes/H%C3%ADbrido%20cd1a673735eb4b42b02898eb22d01d5f.html)",,2 Mana ou 2 Ki ao ativar,,,,,Converte uma consequência aleatória negativa em neutra uma vez por combate.,,,1 uso por combate,Ferramenta premium para builds caóticas.,,,Lendário,,Nenhum,Bracelete,
Kit Ósseo de Campo,,,,,Ajuda a conter Fraturado e Mutilado,Ferramenta,"Mago (Criar%20Personagem/Classes/Mago%20f761bd678e484cd0993fda875188004f.html), Ki (Criar%20Personagem/Classes/Ki%20ec27f579c6cb4ff8b30faa1a340adab0.html), Híbrido (Criar%20Personagem/Classes/H%C3%ADbrido%20cd1a673735eb4b42b02898eb22d01d5f.html), Restrição Celestial (Criar%20Personagem/Classes/Restri%C3%A7%C3%A3o%20Celestial%20280949ab67c74aceba16774b4427722d.html)",,Ação principal,,,,,"Talas, pinos e selantes reduzem penalidades físicas até tratamento completo.",,,3 usos,Suprimento tático para grupos sem curandeiro pleno.,,,Incomum,,Conhecimento de Cura ou uso guiado,Medicina,
Chicote de Ferro,4 m,,,,,Arma,,,,1d6 + Mod. de Destreza,,,,Pode desarmar inimigos; teste de Força para resistir.,,,,,,2,Comum,,,Chicote,
Chicote Espinhoso,4 m,,,,,Arma,,,,1d6 + Mod. de Destreza,,,,Aplica Sangramento (1d4 por 2 turnos).,,,,,,2,Incomum,,,Chicote,
Chicote Tempestuoso,4 m,,,,,Arma,,,,1d6 + Mod. de Destreza + 1d6 elétrico,,,,Dano elétrico; pequena chance de paralisia por 1 turno.,,,,,,2,Raro,,,Chicote,
Chicote do Carrasco,4 m,,,,,Arma,,,,1d8 + Mod. de Força,,,,Crítico causa Atordoado por 1 turno.,,,,,,3,Raro,,,Chicote,
Chicote Dimensional,4 m,,,,,Arma,,,,1d8 + Mod. de Destreza,,,,Ignora obstáculos e cobertura simples; atravessa terreno leve.,,,,,,2,Épico,,,Chicote,
Kusarigama Comum,Corpo a corpo / 4 m,,,,,Arma,,,,1d8 + Mod. de Destreza,,,,Foice + corrente; permite puxar e alcance estendido.,,,,,,3,Comum,,,Kusarigama,
Kusarigama Fantasma,Corpo a corpo / 4 m,,,,,Arma,,,,1d8 + Mod. de Destreza,,,,Corrente atravessa escudos; penalidade contra armaduras éticas reduzida.,,,,,,2,Raro,,,Kusarigama,
Kusarigama Abissal,Corpo a corpo / 4 m,,,,,Arma,,,,1d8 + Mod. de Destreza,,,,Roubo de Vida: cura metade do dano causado em acertos fortes.,,,,,,3,Épico,,,Kusarigama,
Kusarigama Temporal,Corpo a corpo / 4 m,,,,,Arma,,,,1d8 + Mod. de Destreza,,,,Ao acertar reduz deslocamento do alvo 2 m por 2 turnos.,,,,,,2,Raro,,,Kusarigama,
Manopla de Ferro,Corpo a corpo,,,,,Arma,,,,1d6 + Mod. de Força,,,,Manopla simples de metal; confiável em combate corpo a corpo.,,,,,,3,Comum,,,Manopla,
Manopla Cravejada,Corpo a corpo,,,,,Arma,,,,1d6 + Mod. de Força,,,,Cravejada aumenta chance crítica e perfuração.,,,,,,3,Incomum,,,Manopla,
Manopla de Impacto,Corpo a corpo,,,,,Arma,,,,1d8 + Mod. de Força,,,,Impacto pesado; acertos fortes podem atordoar o alvo.,,,,,,4,Raro,,,Manopla,
Manopla Vulcânica,Corpo a corpo,,,,,Arma,,,,1d6 + Mod. de Força + 1d6 fogo,,,,Aplica queimadura leve (1d4 por 2 turnos).,,,,,,3,Raro,,,Manopla,
Manopla Glacial,Corpo a corpo,,,,,Arma,,,,1d6 + Mod. de Força + 1d6 frio,,,,Aplica 1d6 frio e reduz deslocamento do alvo 1 m.,,,,,,3,Raro,,,Manopla,
Manopla do Titã,Corpo a corpo,,,,,Arma,,,,1d10 + Mod. de Força,,,,Aumenta o dano contra armaduras pesadas e aplica a condição Guarda Quebrada.,,,,,,6,Épico,,,Manopla,
Manopla Antimágica,Corpo a corpo,,,,,Arma,,,,1d8 + Mod. de Força,,,,Suprime pequenas magias ao acertar; reduz amplificação mágica do alvo 1 turno.,,,,,,5,Épico,,,Manopla,
Garras de Aço,Corpo a corpo,,,,,Arma,,,,1d8 + Mod. de Destreza,,,,Garras de aço; bom contra armaduras leves.,,,,,,2,Comum,,,Garras,
Garras Retráteis,Corpo a corpo,,,,,Arma,,,,1d6 + Mod. de Destreza,,,,Retráteis; podem ocultar-se e surpreender alvos.,,,,,,1,Incomum,,,Garras,
Garras Venenosas,Corpo a corpo,,,,,Arma,,,,1d6 + Mod. de Destreza,,,,Aplica veneno (1d4 por turno) com falha de resistência.,,,,,,1,Raro,,,Garras,
Garras de Cristal,Corpo a corpo,,,,,Arma,,,,1d8 + Mod. de Destreza,,,,Cristal cortante; críticos têm dano aumentado.,,,,,,2,Raro,,,Garras,
Garras do Predador,Corpo a corpo,,,,,Arma,,,,1d8 + Mod. de Destreza,,,,Bônus em ataque inicial e ao atacar alvos imobilizados.,,,,,,2,Raro,,,Garras,
Garras da Quimera,Corpo a corpo,,,,,Arma,,,,1d10 + Mod. de Destreza,,,,Multielemento; aplica elemento secundário alternado a cada ataque.,,,,,,3,Épico,,,Garras,
Escudo Torre Imperial,—,,,,,Armadura,,,,,,,,Defesa massiva; protege linha e aliados próximos.,,,,,,12,Épico,,,Escudo,
Escudo de Espinhos,—,,,,,Armadura,,,,,,,,Reflete parte do dano recebido aos atacantes.,,,,,,6,Raro,,,Escudo,
Escudo Magnético,—,,,,,Armadura,,,,,,,,Atrai e desvia projéteis; reduz dano de projéteis.,,,,,,5,Épico,,,Escudo,
Escudo Prismático,—,,,,,Armadura,,,,,,,,Barreira prismática que aumenta resistência mágica.,,,,,,4,Épico,,,Escudo,
Escudo Temporal,—,,,,,Armadura,,,,,,,,Chance de negar um ataque por breve lapso temporal; 2 ativações por combate.,,,,,,5,Épico,,,Escudo,
Escudo Espelhado,—,,,,,Armadura,,,,,,,,Reflete magias fracas de volta ao lançador; 2 reflexões/combate.,,,,,,4,Épico,,,Escudo,
Escudo de Energia,—,,,,,Armadura,,,,,,,,Barreira regenerativa que regenera 1 ponto de defesa por turno.,,,,,,6,Épico,,,Escudo,
Besta Repetidora,30 m,,,,,Arma,,,,1d10 + Mod. de Destreza,,,,Dispara até 3 tiros rápidos com recarga curta.,,,,,,6,Raro,,,Besta,
Besta Automática,30 m,,,,,Arma,,,,1d8 + Mod. de Destreza,,,,Tiros automáticos; dispara 2 ataques a -2 de precisão por turno.,,,,,,8,Épico,,,Besta,
Besta de Assédio,24 m,,,,,Arma,,,,1d8 + Mod. de Destreza,,,,Tiro de supressão; reduz deslocamento inimigo por 1 turno.,,,,,,5,Raro,,,Besta,
Besta de Assassino,36 m,,,,,Arma,,,,1d12 + Mod. de Destreza,,,,Alta chance de crítico e dano concentrado.,,,,,,6,Raro,,,Besta,
Besta de Arpão,18 m,,,,,Arma,,,,1d10 + Mod. de Força,,,,Projétil prende e puxa o alvo 2 m em falha de resistência.,,,,,,7,Incomum,,,Besta,
Besta Dracônica,30 m,,,,,Arma,,,,1d12 + Mod. de Força + 1d6 fogo,,,,Projéteis com fogo elemental; chance de queimadura.,,,,,,8,Épico,,,Besta,
Besta de Plasma,28 m,,,,,Arma,,,,1d12 + Mod. de Inteligência,,,,Projétil de plasma que ignora parte da armadura física.,,,,,,9,Épico,,,Besta,
Pistola de Pederneira,12 m,,,,,Arma,,,,1d8 + Mod. de Destreza,,,,Arma de fogo básica; recarrega em 1 turno; requer munição.,,,,,,1,Comum,,,Arma de Fogo,
Mosquete,24 m,,,,,Arma,,,,1d10 + Mod. de Destreza,,,,Maior alcance e penetração; recarga lenta.,,,,,,4,Incomum,,,Arma de Fogo,
Bacamarte,6 m,,,,,Arma,,,,2d6 + Mod. de Destreza (cone curto),,,,Dano em cone curto; devastador a curta distância.,,,,,,5,Incomum,,,Arma de Fogo,
Revólver Arcano,18 m,,,,,Arma,,,,1d8 + Mod. de Destreza + 1d4 arcano,,,,Dispara projétil arcano; usa 1 Mana por tiro.,,,,,,3,Raro,,,Arma de Fogo,
Rifle de Precisão,48 m,,,,,Arma,,,,1d12 + Mod. de Destreza,,,,Alta precisão e dano crítico; ótimo para distância.,,,,,,6,Raro,,,Arma de Fogo,
Canhão de Mão,8 m,,,,,Arma,,,,1d20 + Mod. de Destreza,,,,Disparo pesado com recuo; área 3 m de explosão curta.,,,,,,15,Épico,,,Arma de Fogo,
Espingarda Rúnica,12 m,,,,,Arma,,,,2d8 + Mod. de Destreza (cone),,,,Tiro rúnico em cone; aplica efeito rúnico extra em acerto forte.,,,,,,7,Épico,,,Arma de Fogo,
Bolas,6 m,,,,,Arma,,,,1d4 + Mod. de Força,,,,Arremesso que derruba inimigos em falha de resistência.,,,,,,1,Comum,,,Arremesso,
Rede de Caça,4 m,,,,,Arma,,,,,,,,Imobiliza alvo em falha de resistência; ideal para capturas.,,,,,,3,Comum,,,Arremesso,
Rede Elétrica,4 m,,,,,Arma,,,,1d4 elétrico por turno,,,,Imobiliza e aplica eletricidade em alvo imobilizado.,,,,,,3,Raro,,,Arremesso,
Dardo Explosivo,12 m,,,,,Consumível,,,,1d6 + 1d6 explosão,,,,Consumível: causa explosão pequena em área.,,,,,,1,Raro,,,Arremesso,
Dardo Congelante,12 m,,,,,Consumível,,,,1d6 + 1d6 frio,,,,Aplica lentidão leve e dano por frio.,,,,,,1,Raro,,,Arremesso,
Javelin Imperial,18 m,,,,,Arma,,,,1d10 + Mod. de Força,,,,Lança de arremesso pesada; boa penetração.,,,,,,6,Incomum,,,Arremesso,
Chakram Energizado,12 m,,,,,Arma,,,,1d8 + Mod. de Destreza + 1d4 elétrico,,,,Retorna ao usuário se treinado; atinge inimigos em linha.,,,,,,2,Raro,,,Arremesso,
Bomba de Fragmentação,6 m,,,,,Consumível,,,,2d6 em área,,,,Detona em fragmentos; área curta.,,,,,,2,Raro,,,Arremesso,
Bomba de Luz,4 m,,,,,Consumível,,,,,,,,Cega alvos por 1 turno em área pequena.,,,,,,1,Incomum,,,Arremesso,
Granada de Fumaça,4 m,,,,,Consumível,,,,,,,,Cria cobertura de fumaça por 2 turnos em área.,,,,,,1,Comum,,,Arremesso,
Bardiche,Corpo a corpo,,,,,Arma,,,,1d12 + Mod. de Força,,,,Alcance longo de haste; ajuda a aplicar a condição Guarda Quebrada.,,,,,,7,Incomum,,,Haste,
Lucerne Hammer,Corpo a corpo,,,,,Arma,,,,1d12 + Mod. de Força,,,,Martelo de haste com perfuração; bom contra armaduras.,,,,,,8,Raro,,,Haste,
Bec de Corbin,Corpo a corpo,,,,,Arma,,,,1d10 + Mod. de Força,,,,Ponta perfurante para romper armaduras e escudos.,,,,,,6,Incomum,,,Haste,
Ranseur,Corpo a corpo,,,,,Arma,,,,1d10 + Mod. de Força,,,,Lança com gancho para desarmar e controlar distância.,,,,,,5,Incomum,,,Haste,
Corseca,Corpo a corpo,,,,,Arma,,,,1d12 + Mod. de Força,,,,Haste de impacto com lâmina curva; bom para varreduras.,,,,,,9,Raro,,,Haste,
Foice-Alabarda,Corpo a corpo,,,,,Arma,,,,1d12 + Mod. de Força,,,,Combina corte e perfuração em alcance estendido.,,,,,,8,Raro,,,Haste,
Tridente de Guerra,Corpo a corpo,,,,,Arma,,,,1d10 + Mod. de Força,,,,Perfeito contra criaturas aquáticas e para prender alvos.,,,,,,6,Incomum,,,Haste,
Pique Gigante,Corpo a corpo,,,,,Arma,,,,2d10 + Mod. de Força,,,,Lança colossal usada contra montarias e criaturas grandes.,,,,,,15,Épico,,,Haste,
Ultra Greatsword,Corpo a corpo,,,,,Arma,,,,2d12 + Mod. de Força,,,,Espada colossal de derrubar muralhas; enorme impacto.,,,,,,18,Épico,,,Colossal,
Quebra-Muralhas,Corpo a corpo,,,,,Arma,,,,2d12 + Mod. de Força,,,,Projeta choque em área ao impactar estruturas e armaduras.,,,,,,20,Épico,,,Colossal,
Machado do Gigante,Corpo a corpo,,,,,Arma,,,,2d10 + Mod. de Força,,,,Machado com lâmina enorme; aplica a condição Guarda Quebrada.,,,,,,16,Épico,,,Colossal,
Martelo Colossal,Corpo a corpo,,,,,Arma,,,,2d12 + Mod. de Força,,,,Martelo de impacto extremo; derruba e estonteia alvos.,,,,,,20,Épico,,,Colossal,
Foice Titânica,Corpo a corpo,,,,,Arma,,,,2d10 + Mod. de Força,,,,Foice que varre múltiplos alvos próximos.,,,,,,18,Épico,,,Colossal,
Espada da Fortaleza,Corpo a corpo,,,,,Arma,,,,2d10 + Mod. de Força,,,,Foco em ruptura de defesa e sustento de linha.,,,,,,17,Épico,,,Colossal,
Âncora de Guerra,Corpo a corpo,,,,,Arma,,,,2d12 + Mod. de Força,,,,Uso naval e cerco; aplicada em combate terrestre por força bruta.,,,,,,22,Épico,,,Colossal,
Espadas Gêmeas,Corpo a corpo,,,,,Arma,,,,1d8 + Mod. de Destreza,,,,Permite ataque adicional com penalidade reduzida se dual-wield.,,,,,,3,Comum,,,Duas Mãos,
Machado Duplo Balanceado,Corpo a corpo,,,,,Arma,,,,1d10 + Mod. de Força,,,,Projetado para ataques alternados sem grande penalidade.,,,,,,8,Incomum,,,DUPLA,
Adagas Gêmeas,Corpo a corpo,,,,,Arma,,,,1d6 + Mod. de Destreza,,,,Ataques rápidos e furtivos; sinergia com críticos.,,,,,,1,Comum,,,DUPLA,
Sabres Duplos,Corpo a corpo,,,,,Arma,,,,1d8 + Mod. de Destreza,,,,Cortes rápidos; boa mobilidade lateral.,,,,,,4,Incomum,,,DUPLA,
Foices Gêmeas,Corpo a corpo,,,,,Arma,,,,1d10 + Mod. de Força,,,,Varredura sincronizada; causa dano em área pequena.,,,,,,6,Raro,,,DUPLA,
Lâminas de Punho,Corpo a corpo,,,,,Arma,,,,1d6 + Mod. de Força ou Destreza,,,,Extremamente ágeis; ótima defesa e ofensiva combinadas.,,,,,,2,Comum,,,DUPLA,
Yo-Yo de Combate,Corpo a corpo / 12 m,,,,,Arma,,,,1d6 + Mod. de Destreza,,,,Ataques à distância e controle; retorna ao usuário.,,,,,,1,Raro,,,Exótica,
Tonfa,Corpo a corpo,,,,,Arma,,,,1d6 + Mod. de Força,,,,Arma de impacto com bloqueio integrado.,,,,,,2,Comum,,,Exótica,
Sai,Corpo a corpo,,,,,Arma,,,,1d6 + Mod. de Força,,,,Eficaz para prender lâminas e desarmar.,,,,,,1,Incomum,,,Exótica,
Bastão Triplo,Corpo a corpo,,,,,Arma,,,,1d8 + Mod. de Destreza,,,,Alta versatilidade; ataques e defesa em cadeia.,,,,,,3,Raro,,,Exótica,
Nunchaku,Corpo a corpo,,,,,Arma,,,,1d6 + Mod. de Destreza,,,,Rápido e flutuante; melhora ataques consecutivos.,,,,,,1,Incomum,,,Exótica,
Tessen,Corpo a corpo,,,,,Arma,,,,1d6 + Mod. de Destreza,,,,Leque de guerra; pode bloquear projéteis leves.,,,,,,1,Raro,,,Exótica,
Chakram Duplo,12 m,,,,,Arma,,,,1d8 + Mod. de Destreza,,,,Dois discos que podem ser arremessados sequencialmente.,,,,,,2,Raro,,,Exótica,
Corrente de Meteoros,6 m,,,,,Arma,,,,1d10 + Mod. de Força,,,,Corrente pesada que atinge múltiplos alvos em giro.,,,,,,7,Épico,,,Exótica,
Lâmina Flexível,Corpo a corpo,,,,,Arma,,,,1d8 + Mod. de Destreza,,,,Lâmina que se curva; atinge através de guarda.,,,,,,2,Raro,,,Exótica,
Bastão Retrátil,Corpo a corpo,,,,,Arma,,,,1d8 + Mod. de Força,,,,Retrai para ocultação; bom para disfarces e vigilância.,,,,,,2,Incomum,,,Exótica,
Botas do Salto Longo,—,,,,,Acessório,,,,,,,,Aumenta salto em distância e reduz dano de queda.,,,,,,1,Incomum,,,Movimento,
Botas de Escalada,—,,,,,Acessório,,,,,,,,Melhora testes de escalada e aderência.,,,,,,1,Comum,,,Movimento,
Cinto de Gancho,—,,,,,Acessório,,,,,,,,Permite lançar gancho e deslizar; facilita travessia vertical.,,,,,,1,Comum,,,Movimento,
Capa Planadora,—,,,,,Acessório,,,,,,,,Permite planar por curta distância e reduzir dano de queda.,,,,,,3,Incomum,,,Movimento,
Botas Antigravidade,—,,,,,Acessório,,,,,,,,Reduz peso e permite saltos prolongados; consome carga.,,,,,,4,Épico,,,Movimento,
Patins Rúnicos,—,,,,,Acessório,,,,,,,,Aumenta deslocamento e diminui som ao mover-se.,,,,,,2,Raro,,,Movimento,
Manto de Corrida,—,,,,,Acessório,,,,,,,,Aumenta velocidade e reduz penalidades de carga.,,,,,,2,Incomum,,,Movimento,
Armadura de Ossos,—,,,,,Armadura,,,,,,,,Leve armadura feita de ossos endurecidos; resistência a perfuração.,,,,,,6,Incomum,,,Armadura Leve,
Armadura Quitinosa,—,,,,,Armadura,,,,,,,,Blindagem de quitina; boa resistência a cortes.,,,,,,8,Raro,,,Armadura Média,
Armadura de Escamas de Dragão,—,,,,,Armadura,,,,,,,,Extremamente resistente a elemento específico; requer caça de dragão.,,,,,,12,Épico,,,Armadura Pesada,
Armadura de Runas,—,,,,,Armadura,,,,,,,,Imbuída com runas que concedem resistência mágica.,,,,,,10,Épico,,,Armadura Média,
Armadura de Mercúrio,—,,,,,Armadura,,,,,,,,Superfície fluida que altera forma e dispersa dano físico.,,,,,,9,Épico,,,Armadura Média,
Armadura Antimágica,—,,,,,Armadura,,,,,,,,Reduz efeitos mágicos recebidos e bloqueia canalizações.,,,,,,11,Épico,,,Armadura Pesada,
Armadura de Tecelão Arcano,—,,,,,Armadura,,,,,,,,Tecida com fios místicos que reforçam e se adaptam ao usuário.,,,,,,10,Lendário,,,Armadura Média,
Armadura Adaptativa,—,,,,,Armadura,,,,,,,,Altera propriedades para balancear defesa e mobilidade automaticamente.,,,,,,12,Lendário,,,Armadura Média,
Armadura de Guerra Temporal,—,,,,,Armadura,,,,,,,,Concede pequenas manipulações temporais na defesa; reduz dano crítico.,,,,,,14,Lendário,,,Armadura Pesada,
Armadura Bioorgânica,—,,,,,Armadura,,,,,,,,Mistura de carne e armadura que regenera dano ao longo do tempo.,,,,,,13,Épico,,,Armadura Média,
Grimório Vivo,—,,,,,Catalisador,,,,,,,,Livro que se alimenta de energia e cresce com uso; melhora magias vivas.,,,,,,3,Épico,,,Catalisador,
Tomo do Abismo,—,,,,,Catalisador,,,,,,,,Amplia feitiços sombrios e aumenta chance de efeitos corruptos.,,,,,,4,Épico,,,Catalisador,
Esfera Arcana,—,,,,,Catalisador,,,,,,,,Esfera que focaliza e intensifica magias de área.,,,,,,2,Raro,,,Catalisador,
Cetro Imperial,—,,,,,Catalisador,,,,,,,,Cetro que concede autoridade mágica e melhora controle de elites.,,,,,,5,Épico,,,Catalisador,
Cajado de Ossos,—,,,,,Catalisador,,,,,,,,Canaliza magias necromânticas e aumenta durabilidade de invocações.,,,,,,6,Épico,,,Catalisador,
Relicário Temporal,—,,,,,Catalisador,,,,,,,,Permite pequenas manipulações de recarga e tempo em habilidades; 1 uso por cena.,,,,,,4,Lendário,,,Catalisador,
Máscara Ritualística,—,,,,,Catalisador,,,,,,,,Usada em rituais; aumenta eficiência e resiliência ao custo de sanidade.,,,,,,2,Épico,,,Catalisador,
Livro das Mil Almas,—,,,,,Catalisador,,,,,,,,Armazenamento de espíritos e conjurações; pode libertar entidades.,,,,,,5,Lendário,,,Catalisador,
Anel da Segunda Chance,—,,,,,Acessório,,,,,,,,Permite sobreviver a um golpe fatal com 1 HP uma vez por combate.,,,,,,1,Lendário,,,Acessório,
Pingente da Fênix,—,,,,,Acessório,,,,,,,,Ao cair a 0 HP cura parcialmente e ressurge após breve intervalo.,,,,,,2,Épico,,,Acessório,
Bracelete de Gravidade,—,,,,,Acessório,,,,,,,,Controle de peso; reduz penalidades de carga.,,,,,,1,Incomum,,,Acessório,
Olho Artificial Arcano,—,,,,,Acessório,,,,,,,,Concede visão mágica e detecção de ilusões.,,,,,,1,Raro,,,Acessório,
Dente de Dragão,—,,,,,Acessório,,,,,,,,Concede resistência elemental e bônus contra dracônicos.,,,,,,1,Épico,,,Acessório,
Medalhão do Conquistador,—,,,,,Acessório,,,,,,,,Buff contra chefes; aumenta dano contra elites.,,,,,,2,Épico,,,Acessório,
Coração Artificial,—,,,,,Acessório,,,,,,,,Concede resistência a sangramento e estabilidade vital.,,,,,,3,Raro,,,Acessório,
Coroa da Loucura,—,,,,,Acessório,,,,,,,,"Aumenta poder, reduz sanidade; efeitos imprevisíveis.",,,,,,1,Lendário,,,Acessório,
